,SB_BLACK_SPRUCE,SW_WHITE_SPRUCE,SR_RED_SPRUCE,PJ_JACK_PINE,PW_WHITE_PINE,PR_RED_PINE,BF_BALSAM_FIR,CE_WHITE_CEDAR,LA_TAMARACK,HE_EASTERN_HEMLOCK,CR_RED_CEDAR,EXOTIC_OTHER_CONIFERS,PO_ASPEN_GROUP,PB_PD_POPLAR_COTTONWOOD,BW_WHITE_BIRCH,BY_YELLOW_BIRCH,MH_HARD_MAPLE,MS_AG_SOFT_MAPLE,BE_BEECH,OAK_GROUP,ASH_GROUP,ELM_GROUP,HICKORY_WALNUT_GROUP,CHERRY_GROUP,BA_BASSWOOD,WILLOW_GROUP,ALDER_GROUP,CAROLINIAN_MINOR_HARDWOODS,UNDERSTORY_HARDWOODS_SHRUBS,UNCLASSIFIED_OTHER
SB_BLACK_SPRUCE,1.0000001,0.86490506,0.858938,0.7848754,0.8169523,0.7971386,0.86581475,0.77917975,0.87840515,0.80197275,0.70964336,0.8336073,0.78097117,0.7778437,0.8097296,0.81582516,0.8034146,0.8147863,0.8086625,0.78032464,0.8076435,0.7731203,0.7922121,0.8014077,0.81051636,0.76726866,0.80103326,0.7369302,0.7821949,0.77079093
SW_WHITE_SPRUCE,0.86490506,0.9999999,0.90361905,0.8066564,0.8780613,0.82095206,0.8568408,0.8119973,0.8177246,0.8086984,0.75503683,0.8422585,0.81411606,0.79816556,0.8397813,0.8294055,0.84981775,0.809548,0.8321591,0.8314088,0.82669336,0.8184873,0.84026384,0.8366274,0.8309109,0.77538884,0.76935875,0.7671608,0.7969068,0.7860924
SR_RED_SPRUCE,0.858938,0.90361905,1.0,0.79888815,0.80773515,0.8408766,0.8677779,0.7582083,0.79547167,0.8041623,0.80049425,0.8345939,0.77808934,0.7647364,0.78442323,0.82094467,0.80612564,0.8080472,0.8047093,0.7914355,0.7929431,0.78787696,0.7970738,0.82072496,0.8115943,0.7607325,0.75055254,0.77091265,0.801721,0.7886705
PJ_JACK_PINE,0.7848754,0.8066564,0.79888815,0.9999999,0.8390815,0.8770941,0.7932011,0.75064665,0.76850075,0.76808155,0.771326,0.8017208,0.8409884,0.7787092,0.83415544,0.7739297,0.7681505,0.7498252,0.7602691,0.8023536,0.803297,0.7502146,0.7792081,0.79305077,0.7598245,0.78155243,0.74154186,0.7594117,0.7522829,0.73863244
PW_WHITE_PINE,0.8169523,0.8780613,0.80773515,0.8390815,1.0,0.91516954,0.7965406,0.83782417,0.79718745,0.86898077,0.7639706,0.8164339,0.82457644,0.79917264,0.8228894,0.8324349,0.8579597,0.7895855,0.8595292,0.8652707,0.8199191,0.83642626,0.8173531,0.8060278,0.8441344,0.7582635,0.7670468,0.7575084,0.75885415,0.75893617
PR_RED_PINE,0.7971386,0.82095206,0.8408766,0.8770941,0.91516954,1.0,0.79991364,0.78303915,0.7755187,0.8278532,0.7996781,0.7885259,0.8201088,0.80773824,0.79082596,0.8272847,0.83342314,0.8022288,0.8269498,0.8737709,0.8277777,0.8196006,0.81241405,0.8170897,0.8189124,0.7776207,0.76186097,0.781571,0.7818432,0.7477994
BF_BALSAM_FIR,0.86581475,0.8568408,0.8677779,0.7932011,0.7965406,0.79991364,1.0,0.74767363,0.82523906,0.7952976,0.7252537,0.82879454,0.7813892,0.78079605,0.79560196,0.81564325,0.79458153,0.7876331,0.80402625,0.7846501,0.792024,0.77495337,0.78964007,0.7851528,0.8256587,0.76147664,0.78385556,0.7364227,0.81270665,0.7494796
CE_WHITE_CEDAR,0.77917975,0.8119973,0.7582083,0.75064665,0.83782417,0.78303915,0.74767363,0.9999998,0.7885796,0.80388707,0.80570656,0.74908864,0.7545039,0.7765911,0.755457,0.7849847,0.77027416,0.7498385,0.7736411,0.81003475,0.7687752,0.8237014,0.79129565,0.7764596,0.8140068,0.73911595,0.7498442,0.7487656,0.7304133,0.70856994
LA_TAMARACK,0.87840515,0.8177246,0.79547167,0.76850075,0.79718745,0.7755187,0.82523906,0.7885796,1.0000001,0.7789787,0.7202585,0.7932296,0.78320783,0.78819215,0.7994277,0.8157762,0.7744785,0.78447694,0.77152956,0.77935356,0.80383945,0.77241576,0.78175724,0.793624,0.8145063,0.7744536,0.79266524,0.73237157,0.75967085,0.7291542
HE_EASTERN_HEMLOCK,0.80197275,0.8086984,0.8041623,0.76808155,0.86898077,0.8278532,0.7952976,0.80388707,0.7789787,1.0000001,0.7585771,0.7736458,0.7954011,0.7877716,0.7934689,0.84403944,0.8347074,0.783889,0.8376293,0.8211476,0.78032106,0.8375616,0.82970667,0.8139794,0.84128684,0.7590745,0.7640201,0.7367094,0.7755438,0.74355483
CR_RED_CEDAR,0.70964336,0.75503683,0.80049425,0.771326,0.7639706,0.7996781,0.7252537,0.80570656,0.7202585,0.7585771,1.0000001,0.7420245,0.76795083,0.7737981,0.71974885,0.7274541,0.73444164,0.7473255,0.7444675,0.7899631,0.7627144,0.7749232,0.77719545,0.79370147,0.7626848,0.753399,0.7286668,0.7802441,0.74604607,0.7250894
EXOTIC_OTHER_CONIFERS,0.8336073,0.8422585,0.8345939,0.8017208,0.8164339,0.7885259,0.82879454,0.74908864,0.7932296,0.7736458,0.7420245,1.0,0.7832827,0.76355034,0.78103334,0.7713151,0.77735716,0.7796872,0.77806246,0.77816707,0.77864105,0.76140225,0.78120375,0.79725015,0.7816795,0.7690311,0.76028585,0.7994349,0.8351707,0.788118
PO_ASPEN_GROUP,0.78097117,0.81411606,0.77808934,0.8409884,0.82457644,0.8201088,0.7813892,0.7545039,0.78320783,0.7954011,0.76795083,0.7832827,1.0000001,0.8077536,0.8846354,0.7909029,0.8155563,0.76692283,0.8250524,0.83419,0.8103686,0.7981647,0.80173796,0.8088851,0.81085914,0.81882745,0.77513856,0.7620728,0.7709297,0.7583914
PB_PD_POPLAR_COTTONWOOD,0.7778437,0.79816556,0.7647364,0.7787092,0.79917264,0.80773824,0.78079605,0.7765911,0.78819215,0.7877716,0.7737981,0.76355034,0.8077536,0.9999999,0.7642788,0.75717515,0.78988165,0.8362006,0.77976733,0.8223648,0.8264696,0.8388836,0.81448156,0.82735574,0.81656134,0.8453295,0.77572805,0.78369594,0.76474005,0.70739615
BW_WHITE_BIRCH,0.8097296,0.8397813,0.78442323,0.83415544,0.8228894,0.79082596,0.79560196,0.755457,0.7994277,0.7934689,0.71974885,0.78103334,0.8846354,0.7642788,1.0,0.845505,0.7930761,0.7555592,0.7979374,0.804465,0.8059015,0.7750953,0.79342675,0.78149986,0.7992357,0.7971146,0.7590506,0.71466565,0.7664402,0.7379571
BY_YELLOW_BIRCH,0.81582516,0.8294055,0.82094467,0.7739297,0.8324349,0.8272847,0.81564325,0.7849847,0.8157762,0.84403944,0.7274541,0.7713151,0.7909029,0.75717515,0.845505,1.0,0.84932756,0.7892601,0.8549273,0.8450434,0.8012695,0.8166119,0.8330741,0.8184085,0.8762008,0.764381,0.7477475,0.75769573,0.78968865,0.7536404
MH_HARD_MAPLE,0.8034146,0.84981775,0.80612564,0.7681505,0.8579597,0.83342314,0.79458153,0.77027416,0.7744785,0.8347074,0.73444164,0.77735716,0.8155563,0.78988165,0.7930761,0.84932756,1.0,0.8583945,0.914796,0.8644944,0.8113048,0.8349642,0.85466033,0.8312712,0.8741026,0.76427764,0.7504516,0.78974086,0.79449356,0.75966954
MS_AG_SOFT_MAPLE,0.8147863,0.809548,0.8080472,0.7498252,0.7895855,0.8022288,0.7876331,0.7498385,0.78447694,0.783889,0.7473255,0.7796872,0.76692283,0.8362006,0.7555592,0.7892601,0.8583945,0.9999999,0.7996609,0.81915534,0.80888134,0.82045233,0.8067846,0.7999699,0.8215216,0.8031404,0.7844782,0.8029367,0.7860342,0.73778546
BE_BEECH,0.8086625,0.8321591,0.8047093,0.7602691,0.8595292,0.8269498,0.80402625,0.7736411,0.77152956,0.8376293,0.7444675,0.77806246,0.8250524,0.77976733,0.7979374,0.8549273,0.914796,0.7996609,0.9999998,0.8887295,0.8210299,0.845446,0.839077,0.8269867,0.89501363,0.76164204,0.7505903,0.79950744,0.7885354,0.7609356
OAK_GROUP,0.78032464,0.8314088,0.7914355,0.8023536,0.8652707,0.8737709,0.7846501,0.81003475,0.77935356,0.8211476,0.7899631,0.77816707,0.83419,0.8223648,0.804465,0.8450434,0.8644944,0.81915534,0.8887295,1.0000001,0.84576917,0.86812913,0.87177354,0.8488006,0.8698783,0.79750633,0.7656837,0.82395124,0.8162699,0.7757772
ASH_GROUP,0.8076435,0.82669336,0.7929431,0.803297,0.8199191,0.8277777,0.792024,0.7687752,0.80383945,0.78032106,0.7627144,0.77864105,0.8103686,0.8264696,0.8059015,0.8012695,0.8113048,0.80888134,0.8210299,0.84576917,1.0,0.8108533,0.82972604,0.79861283,0.806613,0.8128971,0.802125,0.7905425,0.7857512,0.74980795
ELM_GROUP,0.7731203,0.8184873,0.78787696,0.7502146,0.83642626,0.8196006,0.77495337,0.8237014,0.77241576,0.8375616,0.7749232,0.76140225,0.7981647,0.8388836,0.7750953,0.8166119,0.8349642,0.82045233,0.845446,0.86812913,0.8108533,1.0,0.8116609,0.8281903,0.8618697,0.8072762,0.76935,0.7810037,0.7847167,0.7361572
HICKORY_WALNUT_GROUP,0.7922121,0.84026384,0.7970738,0.7792081,0.8173531,0.81241405,0.78964007,0.79129565,0.78175724,0.82970667,0.77719545,0.78120375,0.80173796,0.81448156,0.79342675,0.8330741,0.85466033,0.8067846,0.839077,0.87177354,0.82972604,0.8116609,1.0000001,0.8618603,0.8671948,0.7850183,0.7685543,0.812504,0.80788004,0.7765199
CHERRY_GROUP,0.8014077,0.8366274,0.82072496,0.79305077,0.8060278,0.8170897,0.7851528,0.7764596,0.793624,0.8139794,0.79370147,0.79725015,0.8088851,0.82735574,0.78149986,0.8184085,0.8312712,0.7999699,0.8269867,0.8488006,0.79861283,0.8281903,0.8618603,1.0000001,0.8441393,0.7930313,0.75303704,0.8184304,0.8286253,0.7654937
BA_BASSWOOD,0.81051636,0.8309109,0.8115943,0.7598245,0.8441344,0.8189124,0.8256587,0.8140068,0.8145063,0.84128684,0.7626848,0.7816795,0.81085914,0.81656134,0.7992357,0.8762008,0.8741026,0.8215216,0.89501363,0.8698783,0.806613,0.8618697,0.8671948,0.8441393,1.0,0.7752123,0.75777125,0.80993617,0.7922896,0.7631752
WILLOW_GROUP,0.76726866,0.77538884,0.7607325,0.78155243,0.7582635,0.7776207,0.76147664,0.73911595,0.7744536,0.7590745,0.753399,0.7690311,0.81882745,0.8453295,0.7971146,0.764381,0.76427764,0.8031404,0.76164204,0.79750633,0.8128971,0.8072762,0.7850183,0.7930313,0.7752123,1.0000002,0.8131502,0.7569817,0.79711556,0.7080707
ALDER_GROUP,0.80103326,0.76935875,0.75055254,0.74154186,0.7670468,0.76186097,0.78385556,0.7498442,0.79266524,0.7640201,0.7286668,0.76028585,0.77513856,0.77572805,0.7590506,0.7477475,0.7504516,0.7844782,0.7505903,0.7656837,0.802125,0.76935,0.7685543,0.75303704,0.75777125,0.8131502,1.0000002,0.7151189,0.76810396,0.70494115
CAROLINIAN_MINOR_HARDWOODS,0.7369302,0.7671608,0.77091265,0.7594117,0.7575084,0.781571,0.7364227,0.7487656,0.73237157,0.7367094,0.7802441,0.7994349,0.7620728,0.78369594,0.71466565,0.75769573,0.78974086,0.8029367,0.79950744,0.82395124,0.7905425,0.7810037,0.812504,0.8184304,0.80993617,0.7569817,0.7151189,1.0,0.8240999,0.7073208
UNDERSTORY_HARDWOODS_SHRUBS,0.7821949,0.7969068,0.801721,0.7522829,0.75885415,0.7818432,0.81270665,0.7304133,0.75967085,0.7755438,0.74604607,0.8351707,0.7709297,0.76474005,0.7664402,0.78968865,0.79449356,0.7860342,0.7885354,0.8162699,0.7857512,0.7847167,0.80788004,0.8286253,0.7922896,0.79711556,0.76810396,0.8240999,1.0,0.7474765
UNCLASSIFIED_OTHER,0.77079093,0.7860924,0.7886705,0.73863244,0.75893617,0.7477994,0.7494796,0.70856994,0.7291542,0.74355483,0.7250894,0.788118,0.7583914,0.70739615,0.7379571,0.7536404,0.75966954,0.73778546,0.7609356,0.7757772,0.74980795,0.7361572,0.7765199,0.7654937,0.7631752,0.7080707,0.70494115,0.7073208,0.7474765,1.0000004
